,url,event_url,result,fighter,opponent,title,method,round,time,format,f_head_sig_str,f_body_sig_str,f_leg_sig_str,f_distance_sig_str,f_clinch_sig_str,f_ground_sig_str,o_head_sig_str,o_body_sig_str,o_leg_sig_str,o_distance_sig_str,o_clinch_sig_str,o_ground_sig_str,f_sig_str_head,f_sig_str_body,f_sig_str_leg,f_sig_str_dist,f_sig_str_clinch,f_sig_str_ground,o_sig_str_head,o_sig_str_body,o_sig_str_leg,o_sig_str_dist,o_sig_str_clinch,o_sig_str_ground
0,http://www.ufcstats.com/fight-details/96704d7ba3a452d9,http://www.ufcstats.com/event-details/89a407032911e27e,W,Max Holloway,Chan Sung Jung,Featherweight Bout,KO/TKO,3,0:23,5 Rnd (5-5-5-5-5),34of77,31of35,10of16,71of124,1of1,3of3,25of110,6of8,3of6,34of122,0of2,0of0,45%,41%,13%,94%,1%,4%,73%,17%,8%,100%,0%,0%
1,http://www.ufcstats.com/fight-details/c53b0f678fe2f16a,http://www.ufcstats.com/event-details/89a407032911e27e,W,Anthony Smith,Ryan Spann,Light Heavyweight Bout,Decision - Split,3,5:00,3 Rnd (5-5-5),44of92,12of15,35of40,90of146,1of1,0of0,39of158,14of23,6of6,50of174,0of0,9of13,48%,13%,38%,98%,1%,0%,66%,23%,10%,84%,0%,15%
2,http://www.ufcstats.com/fight-details/dd617f6ab4916ec4,http://www.ufcstats.com/event-details/89a407032911e27e,W,Giga Chikadze,Alex Caceres,Featherweight Bout,Decision - Unanimous,3,5:00,3 Rnd (5-5-5),25of83,22of38,18of20,65of139,0of2,0of0,25of110,25of44,12of14,62of168,0of0,0of0,38%,33%,27%,100%,0%,0%,40%,40%,19%,100%,0%,0%
3,http://www.ufcstats.com/fight-details/de89bea7b0dcd2d3,http://www.ufcstats.com/event-details/89a407032911e27e,W,Rinya Nakamura,Fernie Garci,Bantamweight Bout,Decision - Unanimous,3,5:00,3 Rnd (5-5-5),16of31,10of13,10of13,25of44,0of0,11of13,9of53,4of7,2of6,13of63,0of1,2of2,44%,27%,27%,69%,0%,30%,60%,26%,13%,86%,0%,13%
4,http://www.ufcstats.com/fight-details/5531317352862978,http://www.ufcstats.com/event-details/89a407032911e27e,W,Erin Blanchfield,Taila Santo,Women's Flyweight Bout,Decision - Unanimous,3,5:00,3 Rnd (5-5-5),37of99,18of23,6of6,43of102,17of24,1of2,28of118,9of15,18of18,46of133,9of18,0of0,60%,29%,9%,70%,27%,1%,50%,16%,32%,83%,16%,0%
5,http://www.ufcstats.com/fight-details/f7bc845ce74f5fe7,http://www.ufcstats.com/event-details/89a407032911e27e,W,Junior Tafa,Parker Porte,Heavyweight Bout,KO/TKO,1,1:24,3 Rnd (5-5-5),7of12,1of1,0of0,4of7,4of6,0of0,2of9,0of0,0of0,2of9,0of0,0of0,87%,12%,0%,50%,50%,0%,100%,0%,0%,100%,0%,0%
6,http://www.ufcstats.com/fight-details/bfc9989751bd0d04,http://www.ufcstats.com/event-details/89a407032911e27e,W,Waldo Cortes-Acosta,Lukasz Brzeski,Heavyweight Bout,KO/TKO,1,3:01,3 Rnd (5-5-5),9of36,3of5,3of4,12of42,3of3,0of0,1of7,3of3,10of12,14of22,0of0,0of0,60%,20%,20%,80%,20%,0%,7%,21%,71%,100%,0%,0%
7,http://www.ufcstats.com/fight-details/48231fbd1af53674,http://www.ufcstats.com/event-details/89a407032911e27e,L,Toshiomi Kazam,Garrett Armfiel,Bantamweight Bout,KO/TKO,1,4:16,3 Rnd (5-5-5),8of24,3of3,4of4,15of30,0of1,0of0,36of67,9of10,0of0,40of68,0of0,5of9,53%,20%,26%,100%,0%,0%,80%,20%,0%,88%,0%,11%
8,http://www.ufcstats.com/fight-details/293c5f4c9aca5c54,http://www.ufcstats.com/event-details/89a407032911e27e,L,Chidi Njokuani,Michal Oleksiejczuk,Middleweight Bout,KO/TKO,1,4:16,3 Rnd (5-5-5),7of21,18of32,4of4,19of37,10of20,0of0,31of59,12of12,1of1,17of36,4of5,23of31,24%,62%,13%,65%,34%,0%,70%,27%,2%,38%,9%,52%
9,http://www.ufcstats.com/fight-details/da6b863cf684e0ae,http://www.ufcstats.com/event-details/89a407032911e27e,W,Song Kenan,Rolando Bedoya,Welterweight Bout,Decision - Unanimous,3,5:00,3 Rnd (5-5-5),54of118,16of24,5of7,68of140,6of8,1of1,36of146,27of49,49of63,104of245,8of13,0of0,72%,21%,6%,90%,8%,1%,32%,24%,43%,92%,7%,0%
10,http://www.ufcstats.com/fight-details/977250a28d3b8a3f,http://www.ufcstats.com/event-details/89a407032911e27e,W,Billy Gof,Yusaku Kinoshit,Welterweight Bout,KO/TKO,1,3:49,3 Rnd (5-5-5),13of47,13of20,14of18,36of78,2of2,2of5,15of48,2of5,0of0,17of52,0of1,0of0,32%,32%,35%,90%,5%,5%,88%,11%,0%,100%,0%,0%
11,http://www.ufcstats.com/fight-details/23865dfc8361ac62,http://www.ufcstats.com/event-details/89a407032911e27e,L,Liang Na,JJ Aldric,Women's Flyweight Bout,KO/TKO,2,4:49,3 Rnd (5-5-5),7of30,3of8,1of3,9of36,2of5,0of0,46of63,1of2,0of0,9of18,1of2,37of45,63%,27%,9%,81%,18%,0%,97%,2%,0%,19%,2%,78%
12,http://www.ufcstats.com/fight-details/b65b37c0e00074d9,http://www.ufcstats.com/event-details/89a407032911e27e,W,SeungWoo Choi,Jarno Erren,Featherweight Bout,Decision - Unanimous,3,5:00,3 Rnd (5-5-5),22of69,8of15,26of31,51of107,2of3,3of5,13of47,6of14,11of15,30of73,0of2,0of1,39%,14%,46%,91%,3%,5%,43%,20%,36%,100%,0%,0%
13,http://www.ufcstats.com/fight-details/ee796ecb4ee8680b,http://www.ufcstats.com/event-details/2719f300b0439039,L,Aljamain Sterling,Sean O'Malley,UFC Bantamweight Title Bout,KO/TKO,2,0:51,5 Rnd (5-5-5-5-5),3of12,3of10,11of13,16of33,1of2,0of0,18of25,6of9,1of1,10of16,1of1,14of18,17%,17%,64%,94%,5%,0%,72%,24%,4%,40%,4%,56%
14,http://www.ufcstats.com/fight-details/845e38dfbfea6e53,http://www.ufcstats.com/event-details/2719f300b0439039,W,Zhang Weili,Amanda Lemo,UFC Women's Strawweight Title Bout,Decision - Unanimous,5,5:00,5 Rnd (5-5-5-5-5),106of150,37of42,20of25,50of77,17of18,96of122,19of57,3of4,2of2,23of61,1of2,0of0,65%,22%,12%,30%,10%,58%,79%,12%,8%,95%,4%,0%
15,http://www.ufcstats.com/fight-details/78d2c01dc963f204,http://www.ufcstats.com/event-details/2719f300b0439039,L,Neil Magny,Ian Garry,Welterweight Bout,Decision - Unanimous,3,5:00,3 Rnd (5-5-5),10of41,7of11,10of14,25of61,2of5,0of0,32of90,16of17,43of43,84of140,4of5,3of5,37%,25%,37%,92%,7%,0%,35%,17%,47%,92%,4%,3%
16,http://www.ufcstats.com/fight-details/fd4d30036a3f3efb,http://www.ufcstats.com/event-details/2719f300b0439039,L,Da'Mon Blackshear,Mario Bautist,Bantamweight Bout,Decision - Unanimous,3,5:00,3 Rnd (5-5-5),48of123,22of30,20of21,52of129,37of42,1of3,48of103,21of22,10of12,51of101,24of30,4of6,53%,24%,22%,57%,41%,1%,60%,26%,12%,64%,30%,5%
17,http://www.ufcstats.com/fight-details/621e6f0929a3dbfc,http://www.ufcstats.com/event-details/2719f300b0439039,W,Marlon Vera,Pedro Munhoz,Bantamweight Bout,Decision - Unanimous,3,5:00,3 Rnd (5-5-5),109of212,9of14,23of25,138of246,3of4,0of1,53of177,20of28,40of41,111of244,2of2,0of0,77%,6%,16%,97%,2%,0%,46%,17%,35%,98%,1%,0%
18,http://www.ufcstats.com/fight-details/1a95cc401f68f4c8,http://www.ufcstats.com/event-details/2719f300b0439039,L,Chris Weidman,Brad Tavare,Middleweight Bout,Decision - Unanimous,3,5:00,3 Rnd (5-5-5),30of77,5of12,2of3,35of90,2of2,0of0,21of61,8of9,41of45,68of113,2of2,0of0,81%,13%,5%,94%,5%,0%,30%,11%,58%,97%,2%,0%
19,http://www.ufcstats.com/fight-details/f995ed679ef8bdf4,http://www.ufcstats.com/event-details/2719f300b0439039,W,Gregory Rodrigues,Denis Tiuliuli,Middleweight Bout,KO/TKO,1,1:43,3 Rnd (5-5-5),4of5,1of1,0of0,1of2,0of0,4of4,2of7,0of0,0of0,2of7,0of0,0of0,80%,20%,0%,20%,0%,80%,100%,0%,0%,100%,0%,0%
20,http://www.ufcstats.com/fight-details/62d53ad8f8769666,http://www.ufcstats.com/event-details/2719f300b0439039,W,Kurt Holobaug,Austin Hubbard,Lightweight Bout,Submission,2,2:39,3 Rnd + OT (5-5-5-5),46of101,10of12,5of6,50of106,9of10,2of3,25of86,17of19,2of2,31of87,9of12,4of8,75%,16%,8%,81%,14%,3%,56%,38%,4%,70%,20%,9%
21,http://www.ufcstats.com/fight-details/e9754f597ec50f6f,http://www.ufcstats.com/event-details/2719f300b0439039,W,Brad Katona,Cody Gibson,Bantamweight Bout,Decision - Unanimous,3,5:00,3 Rnd + OT (5-5-5-5),116of254,25of37,19of20,127of262,33of49,0of0,130of228,22of27,12of13,134of233,30of35,0of0,72%,15%,11%,79%,20%,0%,79%,13%,7%,81%,18%,0%
22,http://www.ufcstats.com/fight-details/9f7c28381b6913c8,http://www.ufcstats.com/event-details/2719f300b0439039,W,Andre Petrosk,Gerald Meerschaert,Middleweight Bout,Decision - Split,3,5:00,3 Rnd (5-5-5),39of114,12of12,6of6,46of117,3of4,8of11,65of135,6of9,5of5,60of131,10of10,6of8,68%,21%,10%,80%,5%,14%,85%,7%,6%,78%,13%,7%
23,http://www.ufcstats.com/fight-details/8c7b5b21b3532027,http://www.ufcstats.com/event-details/2719f300b0439039,L,Andrea Lee,Natalia Silv,Women's Flyweight Bout,Decision - Unanimous,3,5:00,3 Rnd (5-5-5),12of74,11of23,20of28,43of125,0of0,0of0,34of111,17of43,19of20,70of174,0of0,0of0,27%,25%,46%,100%,0%,0%,48%,24%,27%,100%,0%,0%
24,http://www.ufcstats.com/fight-details/f329bd89e375d6df,http://www.ufcstats.com/event-details/2719f300b0439039,W,Karine Silva,Maryna Moroz,Women's Flyweight Bout,Submission,1,4:59,3 Rnd (5-5-5),15of31,7of9,8of13,18of40,11of12,1of1,8of41,7of12,1of2,10of47,6of8,0of0,50%,23%,26%,60%,36%,3%,50%,43%,6%,62%,37%,0%
25,http://www.ufcstats.com/fight-details/e346f2b7af63e804,http://www.ufcstats.com/event-details/d2fa318f34d0aadc,W,Vicente Luque,Rafael Dos Anjo,Welterweight Bout,Decision - Unanimous,5,5:00,5 Rnd (5-5-5-5-5),48of115,17of19,7of7,60of127,8of8,4of6,42of108,19of23,5of5,38of105,26of27,2of4,66%,23%,9%,83%,11%,5%,63%,28%,7%,57%,39%,3%
26,http://www.ufcstats.com/fight-details/1b1fd32485861655,http://www.ufcstats.com/event-details/d2fa318f34d0aadc,W,Cub Swanso,Hakeem Dawodu,Featherweight Bout,Decision - Unanimous,3,5:00,3 Rnd (5-5-5),41of112,27of31,9of13,59of135,18of21,0of0,41of104,29of37,25of35,79of158,16of18,0of0,53%,35%,11%,76%,23%,0%,43%,30%,26%,83%,16%,0%
27,http://www.ufcstats.com/fight-details/c57a4810c932b296,http://www.ufcstats.com/event-details/d2fa318f34d0aadc,W,Khalil Rountree Jr,Chris Daukau,Light Heavyweight Bout,KO/TKO,1,2:40,3 Rnd (5-5-5),12of19,3of4,1of1,11of17,3of4,2of3,6of19,2of2,0of0,7of19,1of2,0of0,75%,18%,6%,68%,18%,12%,75%,25%,0%,87%,12%,0%
28,http://www.ufcstats.com/fight-details/c2f730cb33df5221,http://www.ufcstats.com/event-details/d2fa318f34d0aadc,L,Polyana Viana,Iasmin Lucind,Women's Strawweight Bout,Submission,2,3:42,3 Rnd (5-5-5),2of15,4of6,4of4,10of25,0of0,0of0,5of18,4of5,1of1,9of21,0of0,1of3,20%,40%,40%,100%,0%,0%,50%,40%,10%,90%,0%,10%
29,http://www.ufcstats.com/fight-details/560a971c6ab8b854,http://www.ufcstats.com/event-details/d2fa318f34d0aadc,W,AJ Dobso,Tafon Nchukwi,Middleweight Bout,Decision - Unanimous,3,5:00,3 Rnd (5-5-5),19of75,12of18,36of41,61of119,2of5,4of10,11of47,12of15,30of37,49of92,4of7,0of0,28%,17%,53%,91%,2%,5%,20%,22%,56%,92%,7%,0%
30,http://www.ufcstats.com/fight-details/9a9479663bedf8b4,http://www.ufcstats.com/event-details/d2fa318f34d0aadc,W,Josh Frem,Jamie Pickett,Middleweight Bout,Decision - Unanimous,3,5:00,3 Rnd (5-5-5),11of49,10of18,10of13,22of64,6of11,3of5,4of31,6of16,4of5,11of45,3of7,0of0,35%,32%,32%,70%,19%,9%,28%,42%,28%,78%,21%,0%
31,http://www.ufcstats.com/fight-details/2c160a1d1fdbf0b0,http://www.ufcstats.com/event-details/d2fa318f34d0aadc,L,JP Buys,Marcus McGhee,Bantamweight Bout,KO/TKO,1,2:19,3 Rnd (5-5-5),2of22,1of3,1of5,4of29,0of1,0of0,6of11,0of0,1of2,7of13,0of0,0of0,50%,25%,25%,100%,0%,0%,85%,0%,14%,100%,0%,0%
32,http://www.ufcstats.com/fight-details/9576d9cba5cf5c4e,http://www.ufcstats.com/event-details/d2fa318f34d0aadc,W,Terrance McKinney,Mike Breeden,Lightweight Bout,KO/TKO,1,1:25,3 Rnd (5-5-5),23of36,7of11,0of0,16of30,11of14,3of3,0of4,1of1,0of0,1of5,0of0,0of0,76%,23%,0%,53%,36%,10%,0%,100%,0%,100%,0%,0%
33,http://www.ufcstats.com/fight-details/9479ba3cdcb1e513,http://www.ufcstats.com/event-details/d2fa318f34d0aadc,L,Francis Marshall,Isaac Dulgarian,Featherweight Bout,KO/TKO,1,4:48,3 Rnd (5-5-5),0of5,0of0,2of2,2of7,0of0,0of0,32of50,0of0,3of3,3of4,0of0,32of49,0%,0%,100%,100%,0%,0%,91%,0%,8%,8%,0%,91%
34,http://www.ufcstats.com/fight-details/d5929b7fbc801ce4,http://www.ufcstats.com/event-details/d2fa318f34d0aadc,L,Josh Parisia,Martin Buday,Heavyweight Bout,Submission,1,4:11,3 Rnd (5-5-5),15of49,6of7,5of5,20of47,6of14,0of0,35of60,7of7,0of0,28of49,14of18,0of0,57%,23%,19%,76%,23%,0%,83%,16%,0%,66%,33%,0%
35,http://www.ufcstats.com/fight-details/ca2aa660bea0cb60,http://www.ufcstats.com/event-details/d2fa318f34d0aadc,W,Jaqueline Amori,Montserrat Conejo Rui,Women's Strawweight Bout,KO/TKO,3,3:41,3 Rnd (5-5-5),76of120,9of14,1of2,6of15,0of0,80of121,2of29,2of4,2of3,5of31,0of1,1of4,88%,10%,1%,6%,0%,93%,33%,33%,33%,83%,0%,16%
36,http://www.ufcstats.com/fight-details/91a5480f48bfaa71,http://www.ufcstats.com/event-details/d2fa318f34d0aadc,W,Da'Mon Blackshear,Jose Johnson,Bantamweight Bout,Submission,1,3:47,3 Rnd (5-5-5),7of16,2of5,9of9,5of13,6of8,7of9,4of7,2of3,2of2,7of9,0of2,1of1,38%,11%,50%,27%,33%,38%,50%,25%,25%,87%,0%,12%
37,http://www.ufcstats.com/fight-details/e3573545220ca4ea,http://www.ufcstats.com/event-details/d2fa318f34d0aadc,L,Juliana Miller,Luana Santo,Women's Flyweight Bout,KO/TKO,1,3:41,3 Rnd (5-5-5),15of61,9of13,0of1,18of64,6of11,0of0,44of82,16of20,3of3,53of88,10of17,0of0,62%,37%,0%,75%,25%,0%,69%,25%,4%,84%,15%,0%
38,http://www.ufcstats.com/fight-details/554163b1c8c05522,http://www.ufcstats.com/event-details/6f81b6de2557739a,W,Cory Sandhage,Rob Fon,Catch Weight Bout,Decision - Unanimous,5,5:00,5 Rnd (5-5-5-5-5),30of79,2of3,2of2,10of47,0of1,24of36,5of43,2of3,2of3,8of44,0of3,1of2,88%,5%,5%,29%,0%,70%,55%,22%,22%,88%,0%,11%
39,http://www.ufcstats.com/fight-details/ec2358459ffbe7de,http://www.ufcstats.com/event-details/6f81b6de2557739a,L,Jessica Andrade,Tatiana Suare,Women's Strawweight Bout,Submission,2,1:31,3 Rnd (5-5-5),2of14,5of8,4of7,8of23,3of6,0of0,3of20,17of26,3of3,13of36,10of13,0of0,18%,45%,36%,72%,27%,0%,13%,73%,13%,56%,43%,0%
40,http://www.ufcstats.com/fight-details/2c54be25b09fce50,http://www.ufcstats.com/event-details/6f81b6de2557739a,W,Dustin Jacoby,Kennedy Nzechukwu,Light Heavyweight Bout,KO/TKO,1,1:22,3 Rnd (5-5-5),5of28,0of0,5of5,10of26,0of0,0of7,3of14,0of3,1of1,4of18,0of0,0of0,50%,0%,50%,100%,0%,0%,75%,0%,25%,100%,0%,0%
41,http://www.ufcstats.com/fight-details/79bfba62da6242a6,http://www.ufcstats.com/event-details/6f81b6de2557739a,W,Diego Lope,Gavin Tucker,Featherweight Bout,Submission,1,1:38,3 Rnd (5-5-5),0of3,0of0,0of1,0of4,0of0,0of0,0of6,0of0,0of0,0of6,0of0,0of0,33%,34%,33%,33%,34%,33%,0%,0%,0%,0%,0%,0%
42,http://www.ufcstats.com/fight-details/2c0496a5f39ab8a4,http://www.ufcstats.com/event-details/6f81b6de2557739a,W,Tanner Boser,Aleksa Camu,Light Heavyweight Bout,Decision - Unanimous,3,5:00,3 Rnd (5-5-5),78of163,24of32,18of20,87of174,33of41,0of0,34of97,25of28,9of11,46of108,22of28,0of0,65%,20%,15%,72%,27%,0%,50%,36%,13%,67%,32%,0%
43,http://www.ufcstats.com/fight-details/531ce3d8011fa1f6,http://www.ufcstats.com/event-details/6f81b6de2557739a,L,Ignacio Bahamondes,Ludovit Klein,Lightweight Bout,Decision - Unanimous,3,5:00,3 Rnd (5-5-5),29of114,9of16,5of9,41of133,2of6,0of0,36of82,11of16,9of10,43of88,1of1,12of19,67%,20%,11%,95%,4%,0%,64%,19%,16%,76%,1%,21%
44,http://www.ufcstats.com/fight-details/e5cb9dfc1189d77d,http://www.ufcstats.com/event-details/6f81b6de2557739a,W,Kyler Phillips,Raoni Barcelo,Bantamweight Bout,Decision - Unanimous,3,5:00,3 Rnd (5-5-5),40of146,18of26,14of15,62of174,6of8,4of5,20of87,15of17,11of12,39of105,7of10,0of1,55%,25%,19%,86%,8%,5%,43%,32%,23%,84%,15%,0%
45,http://www.ufcstats.com/fight-details/bda7992779a005fa,http://www.ufcstats.com/event-details/6f81b6de2557739a,L,Jeremiah Well,Carlston Harris,Welterweight Bout,Submission,3,1:50,3 Rnd (5-5-5),16of46,2of2,0of0,5of25,2of3,11of20,1of14,3of4,1of1,5of19,0of0,0of0,88%,11%,0%,27%,11%,61%,20%,60%,20%,100%,0%,0%
46,http://www.ufcstats.com/fight-details/1b0d5e65fdfc62cf,http://www.ufcstats.com/event-details/6f81b6de2557739a,W,Billy Quarantill,Damon Jackson,Featherweight Bout,Decision - Unanimous,3,5:00,3 Rnd (5-5-5),45of124,49of57,6of7,58of140,42of48,0of0,45of139,19of31,3of3,53of148,10of15,4of10,45%,49%,6%,58%,42%,0%,67%,28%,4%,79%,14%,5%
47,http://www.ufcstats.com/fight-details/38901948cff43ff9,http://www.ufcstats.com/event-details/6f81b6de2557739a,W,Cody Durde,Jake Hadley,Flyweight Bout,Decision - Unanimous,3,5:00,3 Rnd (5-5-5),23of66,9of11,6of8,30of67,1of1,7of17,12of61,10of16,4of6,23of76,3of7,0of0,60%,23%,15%,78%,2%,18%,46%,38%,15%,88%,11%,0%
48,http://www.ufcstats.com/fight-details/436a1ce6b0c6b4bb,http://www.ufcstats.com/event-details/6f81b6de2557739a,W,Sean Woodson,Dennis Buzukja,Featherweight Bout,Decision - Unanimous,3,5:00,3 Rnd (5-5-5),36of77,18of32,17of17,61of113,8of11,2of2,24of85,11of17,7of14,32of96,5of8,5of12,50%,25%,23%,85%,11%,2%,57%,26%,16%,76%,11%,11%
49,http://www.ufcstats.com/fight-details/6b5c225814a924ed,http://www.ufcstats.com/event-details/6f81b6de2557739a,L,Ode Osbourne,Assu Almabayev,Flyweight Bout,Submission,2,3:11,3 Rnd (5-5-5),4of16,0of2,0of0,3of17,0of0,1of1,17of31,5of5,4of4,9of14,0of0,17of26,100%,0%,0%,75%,0%,25%,65%,19%,15%,34%,0%,65%
50,http://www.ufcstats.com/fight-details/c27e33ee8ef53866,http://www.ufcstats.com/event-details/ccd58ff71e260ed5,L,Dustin Poirier,Justin Gaethje,Lightweight Bout,KO/TKO,2,1:00,5 Rnd (5-5-5-5-5),21of46,4of4,2of2,25of49,2of3,0of0,23of48,7of7,11of11,38of63,2of2,1of1,77%,14%,7%,92%,7%,0%,56%,17%,26%,92%,4%,2%
51,http://www.ufcstats.com/fight-details/800a35b3a7e52308,http://www.ufcstats.com/event-details/ccd58ff71e260ed5,L,Jan Blachowic,Alex Pereira,Light Heavyweight Bout,Decision - Split,3,5:00,3 Rnd (5-5-5),41of66,4of8,7of7,41of67,3of5,8of9,26of46,23of24,21of22,62of83,7of8,1of1,78%,7%,13%,78%,5%,15%,37%,32%,30%,88%,10%,1%
52,http://www.ufcstats.com/fight-details/eff6ec2b2f1fb27b,http://www.ufcstats.com/event-details/ccd58ff71e260ed5,W,Derrick Lewis,Marcos Rogerio de Lima,Heavyweight Bout,KO/TKO,1,0:33,3 Rnd (5-5-5),16of32,1of1,0of0,1of1,0of0,16of32,1of1,0of0,0of0,0of0,0of0,1of1,94%,5%,0%,5%,0%,94%,100%,0%,0%,0%,0%,100%
53,http://www.ufcstats.com/fight-details/f1eca70738ca073e,http://www.ufcstats.com/event-details/ccd58ff71e260ed5,L,Tony Ferguson,Bobby Green,Lightweight Bout,Submission,3,4:54,3 Rnd (5-5-5),38of98,11of18,5of7,50of118,2of2,2of3,95of166,24of31,18of20,115of183,1of1,21of33,70%,20%,9%,92%,3%,3%,69%,17%,13%,83%,0%,15%
54,http://www.ufcstats.com/fight-details/cbf1e76186a0c8b3,http://www.ufcstats.com/event-details/ccd58ff71e260ed5,L,Michael Chiesa,Kevin Holland,Welterweight Bout,Submission,1,2:39,3 Rnd (5-5-5),4of11,0of0,0of0,3of7,1of4,0of0,7of14,2of2,0of0,4of9,4of5,1of2,100%,0%,0%,75%,25%,0%,77%,22%,0%,44%,44%,11%
55,http://www.ufcstats.com/fight-details/4327fe98e1b6f222,http://www.ufcstats.com/event-details/ccd58ff71e260ed5,W,Gabriel Bonfim,Trevin Gile,Welterweight Bout,Submission,1,1:13,3 Rnd (5-5-5),2of10,1of1,0of0,3of11,0of0,0of0,1of5,0of0,0of0,1of5,0of0,0of0,66%,33%,0%,100%,0%,0%,100%,0%,0%,100%,0%,0%
56,http://www.ufcstats.com/fight-details/e5ac7343b6d45188,http://www.ufcstats.com/event-details/ccd58ff71e260ed5,W,CJ Vergar,Vinicius Salvado,Flyweight Bout,Decision - Unanimous,3,5:00,3 Rnd (5-5-5),43of102,45of57,21of22,104of176,5of5,0of0,54of154,19of25,15of16,87of194,1of1,0of0,39%,41%,19%,95%,4%,0%,61%,21%,17%,98%,1%,0%
57,http://www.ufcstats.com/fight-details/5116f9398bfca446,http://www.ufcstats.com/event-details/ccd58ff71e260ed5,W,Roman Kopylo,Claudio Ribeir,Middleweight Bout,KO/TKO,2,0:33,3 Rnd (5-5-5),20of29,9of10,3of3,29of38,2of3,1of1,18of45,7of7,7of7,29of56,3of3,0of0,62%,28%,9%,90%,6%,3%,56%,21%,21%,90%,9%,0%
58,http://www.ufcstats.com/fight-details/7a8f218c07347c88,http://www.ufcstats.com/event-details/ccd58ff71e260ed5,W,Jake Matthews,Darrius Flowers,Welterweight Bout,Submission,2,2:37,3 Rnd (5-5-5),40of78,14of17,6of6,47of84,2of5,11of12,21of48,6of6,9of10,31of57,5of7,0of0,66%,23%,10%,78%,3%,18%,58%,16%,25%,86%,13%,0%
59,http://www.ufcstats.com/fight-details/3de326b65aa6245d,http://www.ufcstats.com/event-details/ccd58ff71e260ed5,L,Matthew Semelsberger,Uros Medic,Welterweight Bout,KO/TKO,3,2:36,3 Rnd (5-5-5),31of91,8of14,13of15,42of106,3of5,7of9,49of98,17of27,3of3,50of104,13of18,6of6,59%,15%,25%,80%,5%,13%,71%,24%,4%,72%,18%,8%
60,http://www.ufcstats.com/fight-details/74fef059e229d217,http://www.ufcstats.com/event-details/ccd58ff71e260ed5,W,Miranda Maverick,Priscila Cachoeira,Women's Flyweight Bout,Submission,3,2:11,3 Rnd (5-5-5),23of37,8of8,5of6,16of29,2of2,18of20,7of18,2of3,2of2,10of22,0of0,1of1,63%,22%,13%,44%,5%,50%,63%,18%,18%,90%,0%,9%
61,http://www.ufcstats.com/fight-details/90e46589a18064bc,http://www.ufcstats.com/event-details/1174782eacde9b0c,W,Tom Aspinal,Marcin Tybura,Heavyweight Bout,KO/TKO,1,1:13,5 Rnd (5-5-5-5-5),12of17,1of1,0of0,7of10,0of0,6of8,2of13,2of2,0of0,4of15,0of0,0of0,92%,7%,0%,53%,0%,46%,50%,50%,0%,100%,0%,0%
62,http://www.ufcstats.com/fight-details/743a04674ab72ee0,http://www.ufcstats.com/event-details/1174782eacde9b0c,L,Molly McCann,Julija Stoliarenk,Women's Flyweight Bout,Submission,1,1:55,3 Rnd (5-5-5),1of11,4of4,1of1,6of16,0of0,0of0,4of20,2of3,3of6,9of29,0of0,0of0,16%,66%,16%,100%,0%,0%,44%,22%,33%,100%,0%,0%
63,http://www.ufcstats.com/fight-details/9541cf21e031354c,http://www.ufcstats.com/event-details/1174782eacde9b0c,W,Nathaniel Wood,Andre Fili,Featherweight Bout,Decision - Unanimous,3,5:00,3 Rnd (5-5-5),38of90,10of18,36of40,71of123,0of0,13of25,45of134,7of10,6of7,53of144,3of5,2of2,45%,11%,42%,84%,0%,15%,77%,12%,10%,91%,5%,3%
64,http://www.ufcstats.com/fight-details/8104fe27bdc46914,http://www.ufcstats.com/event-details/1174782eacde9b0c,W,Paul Craig,Andre Muniz,Middleweight Bout,KO/TKO,2,4:40,3 Rnd (5-5-5),31of66,8of15,1of1,10of32,0of0,30of50,15of30,2of3,7of7,15of27,1of1,8of12,77%,20%,2%,25%,0%,75%,62%,8%,29%,62%,4%,33%
65,http://www.ufcstats.com/fight-details/c4caa8a4f32a0eed,http://www.ufcstats.com/event-details/1174782eacde9b0c,L,Jai Herbert,Fares Ziam,Lightweight Bout,Decision - Unanimous,3,5:00,3 Rnd (5-5-5),7of79,23of31,19of24,38of119,11of15,0of0,29of74,19of23,13of16,45of93,16of20,0of0,14%,46%,38%,77%,22%,0%,47%,31%,21%,73%,26%,0%
66,http://www.ufcstats.com/fight-details/3c4305abc2e302d0,http://www.ufcstats.com/event-details/1174782eacde9b0c,W,Lerone Murphy,Josh Culibao,Featherweight Bout,Decision - Unanimous,3,5:00,3 Rnd (5-5-5),37of81,15of18,7of10,24of61,12of14,23of34,16of48,5of6,2of5,19of53,4of6,0of0,62%,25%,11%,40%,20%,38%,69%,21%,8%,82%,17%,0%
67,http://www.ufcstats.com/fight-details/b4e2037f180c1e0e,http://www.ufcstats.com/event-details/1174782eacde9b0c,L,Davey Grant,Daniel Marcos,Bantamweight Bout,Decision - Split,3,5:00,3 Rnd (5-5-5),17of127,27of55,26of33,70of213,0of2,0of0,21of90,6of24,21of26,47of139,1of1,0of0,24%,38%,37%,100%,0%,0%,43%,12%,43%,97%,2%,0%
68,http://www.ufcstats.com/fight-details/d54ebd2a3435a357,http://www.ufcstats.com/event-details/1174782eacde9b0c,L,Danny Roberts,Jonny Parsons,Welterweight Bout,KO/TKO,2,4:57,3 Rnd (5-5-5),27of111,14of19,3of3,44of132,0of1,0of0,42of95,12of19,9of10,51of101,7of15,5of8,61%,31%,6%,100%,0%,0%,66%,19%,14%,80%,11%,7%
69,http://www.ufcstats.com/fight-details/319b96f615a0a154,http://www.ufcstats.com/event-details/1174782eacde9b0c,L,Marc Diakiese,Joel Alvarez,Lightweight Bout,Submission,2,4:26,3 Rnd (5-5-5),8of25,6of11,6of10,20of46,0of0,0of0,20of49,12of16,10of10,37of70,2of2,3of3,40%,30%,30%,100%,0%,0%,47%,28%,23%,88%,4%,7%
70,http://www.ufcstats.com/fight-details/89b96bc5f3e824c5,http://www.ufcstats.com/event-details/1174782eacde9b0c,W,Mick Parki,Jamal Pogue,Heavyweight Bout,Decision - Unanimous,3,5:00,3 Rnd (5-5-5),37of94,16of20,42of42,92of151,3of5,0of0,22of119,4of6,10of10,34of132,2of3,0of0,38%,16%,44%,96%,3%,0%,61%,11%,27%,94%,5%,0%
71,http://www.ufcstats.com/fight-details/8b341eb556c97c23,http://www.ufcstats.com/event-details/1174782eacde9b0c,W,Makhmud Murado,Bryan Barberena,Middleweight Bout,Decision - Unanimous,3,5:00,3 Rnd (5-5-5),39of77,15of20,0of0,46of79,5of11,3of7,13of56,2of4,13of21,27of79,1of2,0of0,72%,27%,0%,85%,9%,5%,46%,7%,46%,96%,3%,0%
72,http://www.ufcstats.com/fight-details/a0bc695b35f155f1,http://www.ufcstats.com/event-details/1174782eacde9b0c,W,Ketlen Vieira,Pannie Kianzad,Women's Bantamweight Bout,Decision - Unanimous,3,5:00,3 Rnd (5-5-5),13of31,1of1,1of1,8of25,1of2,6of6,17of45,3of4,2of2,10of30,0of0,12of21,86%,6%,6%,53%,6%,40%,77%,13%,9%,45%,0%,54%
73,http://www.ufcstats.com/fight-details/a8a4c9f98ff73839,http://www.ufcstats.com/event-details/1174782eacde9b0c,W,Chris Duncan,Yanal Ashmouz,Lightweight Bout,Decision - Unanimous,3,5:00,3 Rnd (5-5-5),54of161,23of30,8of15,82of200,3of6,0of0,15of68,8of14,12of16,34of96,1of2,0of0,63%,27%,9%,96%,3%,0%,42%,22%,34%,97%,2%,0%
74,http://www.ufcstats.com/fight-details/c81d1facf185467d,http://www.ufcstats.com/event-details/1174782eacde9b0c,L,Shauna Bannon,Bruna Brasi,Women's Strawweight Bout,Decision - Unanimous,3,5:00,3 Rnd (5-5-5),22of84,19of38,13of22,51of139,3of5,0of0,30of58,14of19,12of13,39of72,12of13,5of5,40%,35%,24%,94%,5%,0%,53%,25%,21%,69%,21%,8%
75,http://www.ufcstats.com/fight-details/d918da575ee1bc35,http://www.ufcstats.com/event-details/1174782eacde9b0c,W,Jafel Filho,Daniel Bare,Flyweight Bout,Submission,1,3:26,3 Rnd (5-5-5),11of40,8of9,2of5,21of54,0of0,0of0,8of17,7of9,3of4,18of27,0of1,0of2,52%,38%,9%,100%,0%,0%,44%,38%,16%,100%,0%,0%
76,http://www.ufcstats.com/fight-details/73370221b3fa3676,http://www.ufcstats.com/event-details/c9885b1b7c7055a0,L,Holly Holm,Mayra Bueno Silva,Women's Bantamweight Bout,Submission,2,0:38,5 Rnd (5-5-5-5-5),15of24,10of12,2of3,21of31,6of8,0of0,9of21,7of10,4of6,13of28,7of9,0of0,55%,37%,7%,77%,22%,0%,45%,35%,20%,65%,35%,0%
77,http://www.ufcstats.com/fight-details/3352c65f3f6d9b2a,http://www.ufcstats.com/event-details/c9885b1b7c7055a0,W,Jack Della Maddalen,Bassil Hafez,Welterweight Bout,Decision - Split,3,5:00,3 Rnd (5-5-5),55of104,27of32,1of1,68of119,14of17,1of1,29of117,2of6,1of1,28of118,4of6,0of0,66%,32%,1%,81%,16%,1%,90%,6%,3%,87%,12%,0%
78,http://www.ufcstats.com/fight-details/b52dccbe69864d2a,http://www.ufcstats.com/event-details/c9885b1b7c7055a0,L,Ottman Azaitar,Francisco Prad,Lightweight Bout,KO/TKO,1,4:05,3 Rnd (5-5-5),6of20,7of11,1of2,12of28,2of5,0of0,31of46,2of6,5of5,17of30,1of1,20of26,42%,50%,7%,85%,14%,0%,81%,5%,13%,44%,2%,52%
79,http://www.ufcstats.com/fight-details/6adfe44b110c1510,http://www.ufcstats.com/event-details/c9885b1b7c7055a0,L,Albert Durae,JunYong Park,Middleweight Bout,Submission,2,4:45,3 Rnd (5-5-5),18of57,7of8,6of12,31of76,0of1,0of0,41of85,4of5,5of6,47of93,2of2,1of1,58%,22%,19%,100%,0%,0%,82%,8%,10%,94%,4%,2%
80,http://www.ufcstats.com/fight-details/81b7a6aa147bd912,http://www.ufcstats.com/event-details/c9885b1b7c7055a0,W,Norma Dumont,Chelsea Chandle,Women's Featherweight Bout,Decision - Unanimous,3,5:00,3 Rnd (5-5-5),30of59,12of12,5of5,28of49,10of12,9of15,14of51,6of7,2of3,13of44,9of17,0of0,63%,25%,10%,59%,21%,19%,63%,27%,9%,59%,40%,0%
81,http://www.ufcstats.com/fight-details/e4620f3fa451a3a4,http://www.ufcstats.com/event-details/c9885b1b7c7055a0,W,Nazim Sadykhov,Terrance McKinney,Lightweight Bout,Submission,2,1:07,3 Rnd (5-5-5),6of11,0of1,2of3,6of13,0of0,2of2,3of10,3of3,0of1,4of12,2of2,0of0,75%,0%,25%,75%,0%,25%,50%,50%,0%,66%,33%,0%
82,http://www.ufcstats.com/fight-details/8362b372adb2f302,http://www.ufcstats.com/event-details/c9885b1b7c7055a0,L,Tucker Lutz,Melsik Baghdasaryan,Featherweight Bout,Decision - Unanimous,3,5:00,3 Rnd (5-5-5),14of71,16of28,6of10,34of105,2of4,0of0,32of66,30of40,2of2,50of88,11of16,3of4,38%,44%,16%,94%,5%,0%,50%,46%,3%,78%,17%,4%
83,http://www.ufcstats.com/fight-details/eb30c9c975e15436,http://www.ufcstats.com/event-details/c9885b1b7c7055a0,W,Viktoriia Dudakov,Istela Nune,Women's Strawweight Bout,KO/TKO,1,0:34,3 Rnd (5-5-5),1of7,2of4,0of0,2of10,0of0,1of1,1of4,1of2,0of0,2of6,0of0,0of0,33%,66%,0%,66%,0%,33%,50%,50%,0%,100%,0%,0%
84,http://www.ufcstats.com/fight-details/b4cc389bb4af3707,http://www.ufcstats.com/event-details/c9885b1b7c7055a0,L,Austin Lingo,Melquizael Costa,Featherweight Bout,Decision - Unanimous,3,5:00,3 Rnd (5-5-5),24of114,11of17,4of8,39of139,0of0,0of0,39of133,48of73,13of14,93of209,6of9,1of2,61%,28%,10%,100%,0%,0%,39%,48%,13%,93%,6%,1%
85,http://www.ufcstats.com/fight-details/3624f4ae9c1d703e,http://www.ufcstats.com/event-details/c9885b1b7c7055a0,W,Evan Elder,Genaro Valdez,Lightweight Bout,Decision - Unanimous,3,5:00,3 Rnd (5-5-5),61of155,15of19,20of21,96of193,0of1,0of1,51of210,4of6,9of20,62of231,2of5,0of0,63%,15%,20%,100%,0%,0%,79%,6%,14%,96%,3%,0%
86,http://www.ufcstats.com/fight-details/dae80502466c8726,http://www.ufcstats.com/event-details/c9885b1b7c7055a0,L,Tyson Na,Azat Maksum,Flyweight Bout,Decision - Split,3,5:00,3 Rnd (5-5-5),27of149,19of28,35of36,79of209,2of4,0of0,33of167,12of21,1of1,46of183,0of6,0of0,33%,23%,43%,97%,2%,0%,71%,26%,2%,100%,0%,0%
87,http://www.ufcstats.com/fight-details/57785c9be5b4526d,http://www.ufcstats.com/event-details/c9885b1b7c7055a0,W,Alexander Muno,Carl Deaton,Lightweight Bout,Decision - Unanimous,3,5:00,3 Rnd (5-5-5),37of99,6of11,1of1,27of87,2of3,15of21,29of97,8of11,0of0,36of106,1of2,0of0,84%,13%,2%,61%,4%,34%,78%,21%,0%,97%,2%,0%
88,http://www.ufcstats.com/fight-details/cae7de0873e03947,http://www.ufcstats.com/event-details/c9885b1b7c7055a0,L,Ashlee Evans-Smith,Ailin Perez,Women's Bantamweight Bout,Decision - Unanimous,3,5:00,3 Rnd (5-5-5),6of40,2of3,4of4,7of40,5of7,0of0,50of87,7of11,3of6,12of32,14of23,34of49,50%,16%,33%,58%,41%,0%,83%,11%,5%,20%,23%,56%
89,http://www.ufcstats.com/fight-details/4b12a4b48755cd6b,http://www.ufcstats.com/event-details/6085ceb59087514b,W,Alexander Volkanovski,Yair Rodriguez,UFC Featherweight Title Bout,KO/TKO,3,4:19,5 Rnd (5-5-5-5-5),48of69,4of5,14of23,25of45,4of6,37of46,13of49,11of14,16of17,38of77,0of0,2of3,72%,6%,21%,37%,6%,56%,32%,27%,40%,95%,0%,5%
90,http://www.ufcstats.com/fight-details/0f24f3bc1b39ea45,http://www.ufcstats.com/event-details/6085ceb59087514b,L,Brandon Moreno,Alexandre Pantoja,UFC Flyweight Title Bout,Decision - Split,5,5:00,5 Rnd (5-5-5-5-5),133of231,13of13,1of1,128of220,12of14,7of11,106of247,20of22,3of5,104of239,13of21,12of14,90%,8%,0%,87%,8%,4%,82%,15%,2%,80%,10%,9%
91,http://www.ufcstats.com/fight-details/4ec5d9bd1442e6c1,http://www.ufcstats.com/event-details/6085ceb59087514b,L,Robert Whittaker,Dricus Du Plessis,Middleweight Bout,KO/TKO,2,2:23,3 Rnd (5-5-5),23of59,2of4,6of7,29of68,2of2,0of0,38of77,11of13,13of14,41of77,8of10,13of17,74%,6%,19%,93%,6%,0%,61%,17%,20%,66%,12%,20%
92,http://www.ufcstats.com/fight-details/b6ea8880cc7af439,http://www.ufcstats.com/event-details/6085ceb59087514b,L,Jalin Turner,Dan Hooker,Lightweight Bout,Decision - Split,3,5:00,3 Rnd (5-5-5),63of128,30of37,7of12,78of152,18of21,4of4,77of139,25of32,23of26,100of157,19of31,6of9,63%,30%,7%,78%,18%,4%,61%,20%,18%,80%,15%,4%
93,http://www.ufcstats.com/fight-details/1ffe6e8df6dbefd2,http://www.ufcstats.com/event-details/6085ceb59087514b,W,Bo Nicka,Val Woodburn,Middleweight Bout,KO/TKO,1,0:38,3 Rnd (5-5-5),7of10,0of0,0of0,6of9,0of0,1of1,2of9,0of0,0of0,2of9,0of0,0of0,100%,0%,0%,85%,0%,14%,100%,0%,0%,100%,0%,0%
94,http://www.ufcstats.com/fight-details/20d8f6b4b7c8bae7,http://www.ufcstats.com/event-details/6085ceb59087514b,W,Robbie Lawler,Niko Price,Welterweight Bout,KO/TKO,1,0:38,3 Rnd (5-5-5),8of10,0of0,0of0,4of6,4of4,0of0,0of3,1of2,1of2,1of6,1of1,0of0,100%,0%,0%,50%,50%,0%,0%,50%,50%,50%,50%,0%
95,http://www.ufcstats.com/fight-details/d3a9aceeb7e23580,http://www.ufcstats.com/event-details/6085ceb59087514b,W,Tatsuro Tair,Edgar Chairez,Catch Weight Bout,Decision - Unanimous,3,5:00,3 Rnd (5-5-5),40of54,2of4,19of20,26of36,0of0,35of42,15of23,5of6,5of9,25of38,0of0,0of0,65%,3%,31%,42%,0%,57%,60%,20%,20%,100%,0%,0%
96,http://www.ufcstats.com/fight-details/ef270d8cf29d071b,http://www.ufcstats.com/event-details/6085ceb59087514b,L,Yazmin Jauregu,Denise Gomes,Women's Strawweight Bout,KO/TKO,1,0:20,3 Rnd (5-5-5),0of1,0of0,0of0,0of1,0of0,0of0,17of20,0of0,0of0,4of6,0of0,13of14,33%,34%,33%,33%,34%,33%,100%,0%,0%,23%,0%,76%
97,http://www.ufcstats.com/fight-details/6ef12db5b099ec81,http://www.ufcstats.com/event-details/6085ceb59087514b,L,Jimmy Crut,Alonzo Menifield,Light Heavyweight Bout,Submission,2,1:55,3 Rnd (5-5-5),5of30,19of20,2of3,6of31,20of22,0of0,18of33,2of2,1of1,17of32,4of4,0of0,19%,73%,7%,23%,76%,0%,85%,9%,4%,80%,19%,0%
98,http://www.ufcstats.com/fight-details/69f67a4a690eb15d,http://www.ufcstats.com/event-details/6085ceb59087514b,W,Vitor Petrin,Marcin Prachni,Light Heavyweight Bout,Submission,3,3:42,3 Rnd (5-5-5),32of68,9of10,3of3,24of58,1of1,19of22,25of54,21of25,9of9,41of73,14of15,0of0,72%,20%,6%,54%,2%,43%,45%,38%,16%,74%,25%,0%
99,http://www.ufcstats.com/fight-details/dbf8a4b0870a47d1,http://www.ufcstats.com/event-details/6085ceb59087514b,W,Cameron Saaiman,Terrence Mitchel,Bantamweight Bout,KO/TKO,1,3:10,3 Rnd (5-5-5),15of29,3of3,0of0,0of2,4of6,14of24,3of7,0of0,0of0,0of3,2of3,1of1,83%,16%,0%,0%,22%,77%,100%,0%,0%,0%,66%,33%
100,http://www.ufcstats.com/fight-details/420f7e6530dbc727,http://www.ufcstats.com/event-details/6085ceb59087514b,L,Shannon Ross,Jesus Aguila,Flyweight Bout,KO/TKO,1,0:17,3 Rnd (5-5-5),1of2,1of1,0of0,2of3,0of0,0of0,1of1,0of0,1of2,2of3,0of0,0of0,50%,50%,0%,100%,0%,0%,50%,0%,50%,100%,0%,0%
101,http://www.ufcstats.com/fight-details/5b71958ee063a6e8,http://www.ufcstats.com/event-details/6085ceb59087514b,L,Kamuela Kirk,Esteban Ribovics,Lightweight Bout,Decision - Unanimous,3,5:00,3 Rnd (5-5-5),36of84,12of15,8of8,51of101,5of6,0of0,94of177,17of20,4of5,92of172,10of13,13of17,64%,21%,14%,91%,8%,0%,81%,14%,3%,80%,8%,11%
102,http://www.ufcstats.com/fight-details/f557405652165aa3,http://www.ufcstats.com/event-details/e9e1acc96536bb4f,W,Sean Stricklan,Abus Magomedo,Middleweight Bout,KO/TKO,2,4:20,5 Rnd (5-5-5-5-5),80of186,1of2,0of0,67of168,0of0,14of20,21of68,16of23,10of10,47of101,0of0,0of0,98%,1%,0%,82%,0%,17%,44%,34%,21%,100%,0%,0%
103,http://www.ufcstats.com/fight-details/4dc5a41f357a7d85,http://www.ufcstats.com/event-details/e9e1acc96536bb4f,L,Damir Ismagulov,Grant Dawson,Lightweight Bout,Decision - Unanimous,3,5:00,3 Rnd (5-5-5),6of19,6of8,1of1,13of28,0of0,0of0,28of48,1of8,1of1,9of35,1of1,20of21,46%,46%,7%,100%,0%,0%,93%,3%,3%,30%,3%,66%
104,http://www.ufcstats.com/fight-details/0548a24a9bf8d7a0,http://www.ufcstats.com/event-details/e9e1acc96536bb4f,L,Max Griffin,Michael Morale,Welterweight Bout,Decision - Unanimous,3,5:00,3 Rnd (5-5-5),28of93,4of4,4of5,35of99,1of3,0of0,59of145,5of8,8of11,68of159,4of5,0of0,77%,11%,11%,97%,2%,0%,81%,6%,11%,94%,5%,0%
105,http://www.ufcstats.com/fight-details/ea29714dcfb07ce2,http://www.ufcstats.com/event-details/e9e1acc96536bb4f,W,Ariane Lipski,Melissa Gatt,Women's Flyweight Bout,Decision - Split,3,5:00,3 Rnd (5-5-5),28of101,27of36,11of12,53of131,12of15,1of3,39of117,34of50,12of19,70of165,15of21,0of0,42%,40%,16%,80%,18%,1%,45%,40%,14%,82%,17%,0%
106,http://www.ufcstats.com/fight-details/cd137988da724076,http://www.ufcstats.com/event-details/e9e1acc96536bb4f,L,Ismael Bonfim,Benoit Saint Denis,Lightweight Bout,Submission,1,4:48,3 Rnd (5-5-5),9of19,2of2,3of3,8of18,5of5,1of1,3of18,10of15,0of0,11of29,2of4,0of0,64%,14%,21%,57%,35%,7%,23%,76%,0%,84%,15%,0%
107,http://www.ufcstats.com/fight-details/288f7fb936c1523c,http://www.ufcstats.com/event-details/e9e1acc96536bb4f,L,Brunno Ferreira,Nursulton Ruziboev,Middleweight Bout,KO/TKO,1,1:17,3 Rnd (5-5-5),0of0,0of1,3of4,3of5,0of0,0of0,5of8,0of0,1of1,3of5,0of0,3of4,0%,0%,100%,100%,0%,0%,83%,0%,16%,50%,0%,50%
108,http://www.ufcstats.com/fight-details/962e74250884e4c1,http://www.ufcstats.com/event-details/e9e1acc96536bb4f,L,Kevin Lee,Rinat Fakhretdinov,Welterweight Bout,Submission,1,0:55,3 Rnd (5-5-5),3of8,0of0,0of0,3of8,0of0,0of0,6of12,2of2,3of3,11of17,0of0,0of0,100%,0%,0%,100%,0%,0%,54%,18%,27%,100%,0%,0%
109,http://www.ufcstats.com/fight-details/f5a6acc99bc5c634,http://www.ufcstats.com/event-details/e9e1acc96536bb4f,W,Joanderson Brito,Westin Wilso,Featherweight Bout,KO/TKO,1,2:54,3 Rnd (5-5-5),21of28,1of1,0of1,5of10,3of3,14of17,0of3,3of4,1of1,3of7,1of1,0of0,95%,4%,0%,22%,13%,63%,0%,75%,25%,75%,25%,0%
110,http://www.ufcstats.com/fight-details/fe370c518cf7873e,http://www.ufcstats.com/event-details/e9e1acc96536bb4f,L,Yana Santo,Karol Ros,Women's Featherweight Bout,Decision - Split,3,5:00,3 Rnd (5-5-5),20of69,42of47,33of40,63of113,32of43,0of0,38of95,18of21,10of14,48of106,12of14,6of10,21%,44%,34%,66%,33%,0%,57%,27%,15%,72%,18%,9%
111,http://www.ufcstats.com/fight-details/454265014520a3f8,http://www.ufcstats.com/event-details/e9e1acc96536bb4f,L,Guram Kutateladze,Elves Brene,Lightweight Bout,KO/TKO,3,3:17,3 Rnd (5-5-5),49of114,28of40,8of9,54of122,25of30,6of11,42of101,15of18,8of13,53of112,6of8,6of12,57%,32%,9%,63%,29%,7%,64%,23%,12%,81%,9%,9%
112,http://www.ufcstats.com/fight-details/dffc65202afb881d,http://www.ufcstats.com/event-details/e9e1acc96536bb4f,L,Ivana Petrovi,Luana Carolina,Women's Flyweight Bout,Decision - Unanimous,3,5:00,3 Rnd (5-5-5),15of51,5of8,2of3,16of50,4of10,2of2,18of60,11of15,12of12,27of66,7of8,7of13,68%,22%,9%,72%,18%,9%,43%,26%,29%,65%,17%,17%
113,http://www.ufcstats.com/fight-details/bd2e14ee959f9b77,http://www.ufcstats.com/event-details/e9e1acc96536bb4f,W,Alexandr Romanov,Blagoy Ivanov,Heavyweight Bout,Decision - Unanimous,3,5:00,3 Rnd (5-5-5),52of121,11of11,22of22,74of137,4of4,7of13,38of102,5of5,1of1,44of108,0of0,0of0,61%,12%,25%,87%,4%,8%,86%,11%,2%,100%,0%,0%
114,http://www.ufcstats.com/fight-details/c3ef3cb03edde8bb,http://www.ufcstats.com/event-details/a780d16cf7eed44d,L,Josh Emmett,Ilia Topuria,Featherweight Bout,Decision - Unanimous,5,5:00,5 Rnd (5-5-5-5-5),43of232,26of53,18of20,87of305,0of0,0of0,124of302,9of16,19of26,114of289,2of2,36of53,49%,29%,20%,100%,0%,0%,81%,5%,12%,75%,1%,23%
115,http://www.ufcstats.com/fight-details/07cb64236ae7aaea,http://www.ufcstats.com/event-details/a780d16cf7eed44d,L,Amanda Riba,Maycee Barber,Women's Flyweight Bout,KO/TKO,2,3:42,3 Rnd (5-5-5),21of52,7of14,7of8,30of68,5of6,0of0,70of108,5of10,6of6,32of60,6of9,43of55,60%,20%,20%,85%,14%,0%,86%,6%,7%,39%,7%,53%
116,http://www.ufcstats.com/fight-details/2874ea5d2f783e23,http://www.ufcstats.com/event-details/a780d16cf7eed44d,NC,Austen Lan,Justin Tafa,Heavyweight Bout,Could Not Continue,1,0:29,3 Rnd (5-5-5),1of3,2of2,0of0,3of5,0of0,0of0,0of3,0of0,0of0,0of3,0of0,0of0,33%,66%,0%,100%,0%,0%,0%,0%,0%,0%,0%,0%
117,http://www.ufcstats.com/fight-details/582806c33ce6dcf6,http://www.ufcstats.com/event-details/a780d16cf7eed44d,W,David Onam,Gabriel Santos,Featherweight Bout,KO/TKO,2,4:13,3 Rnd (5-5-5),47of95,3of6,3of3,42of86,3of5,8of13,22of46,9of14,8of13,36of70,1of1,2of2,88%,5%,5%,79%,5%,15%,56%,23%,20%,92%,2%,5%
118,http://www.ufcstats.com/fight-details/9124740fe7816d70,http://www.ufcstats.com/event-details/a780d16cf7eed44d,W,Brendan Allen,Bruno Silva,Middleweight Bout,Submission,1,4:39,3 Rnd (5-5-5),24of49,5of6,1of1,15of32,5of5,10of19,17of33,3of5,0of0,16of33,4of5,0of0,80%,16%,3%,50%,16%,33%,85%,15%,0%,80%,20%,0%
119,http://www.ufcstats.com/fight-details/ced01368259428f5,http://www.ufcstats.com/event-details/a780d16cf7eed44d,W,Neil Magny,Phil Rowe,Welterweight Bout,Decision - Split,3,5:00,3 Rnd (5-5-5),23of57,5of7,1of1,17of46,12of19,0of0,17of43,3of6,14of15,32of58,2of6,0of0,79%,17%,3%,58%,41%,0%,50%,8%,41%,94%,5%,0%
120,http://www.ufcstats.com/fight-details/42922bab8a3e1828,http://www.ufcstats.com/event-details/a780d16cf7eed44d,W,Randy Brown,Wellington Turman,Welterweight Bout,Decision - Unanimous,3,5:00,3 Rnd (5-5-5),21of85,17of23,26of26,53of121,11of13,0of0,19of60,10of14,26of31,43of90,12of15,0of0,32%,26%,40%,82%,17%,0%,34%,18%,47%,78%,21%,0%
121,http://www.ufcstats.com/fight-details/8b296724a6844865,http://www.ufcstats.com/event-details/a780d16cf7eed44d,W,Mateusz Rebeck,Loik Radzhabov,Lightweight Bout,KO/TKO,2,2:36,3 Rnd (5-5-5),24of58,12of17,18of20,54of95,0of0,0of0,16of50,3of4,0of0,19of54,0of0,0of0,44%,22%,33%,100%,0%,0%,84%,15%,0%,100%,0%,0%
122,http://www.ufcstats.com/fight-details/c22de92b9d9030dc,http://www.ufcstats.com/event-details/a780d16cf7eed44d,W,Tabatha Ricci,Gillian Robertson,Women's Strawweight Bout,Decision - Unanimous,3,5:00,3 Rnd (5-5-5),59of257,17of25,24of33,95of306,3of7,2of2,31of150,24of40,21of29,74of212,2of7,0of0,59%,17%,24%,95%,3%,2%,40%,31%,27%,97%,2%,0%
123,http://www.ufcstats.com/fight-details/c2cdeb207cce5ceb,http://www.ufcstats.com/event-details/a780d16cf7eed44d,L,Zhalgas Zhumagulo,Joshua Van,Flyweight Bout,Decision - Split,3,5:00,3 Rnd (5-5-5),45of201,28of48,30of38,101of281,2of6,0of0,78of179,29of41,13of14,106of217,14of17,0of0,43%,27%,29%,98%,1%,0%,65%,24%,10%,88%,11%,0%
124,http://www.ufcstats.com/fight-details/f18d44292036d5de,http://www.ufcstats.com/event-details/a780d16cf7eed44d,L,Trevor Pee,Chepe Mariscal,Lightweight Bout,Decision - Unanimous,3,5:00,3 Rnd (5-5-5),25of91,23of31,3of3,39of105,12of20,0of0,51of94,11of14,9of9,41of78,20of23,10of16,49%,45%,5%,76%,23%,0%,71%,15%,12%,57%,28%,14%
125,http://www.ufcstats.com/fight-details/fcc1191761e365f9,http://www.ufcstats.com/event-details/a780d16cf7eed44d,L,Jamall Emmers,Jack Jenkins,Featherweight Bout,Decision - Split,3,5:00,3 Rnd (5-5-5),26of98,18of38,13of19,51of146,1of3,5of6,26of67,14of21,19of31,53of110,1of2,5of7,45%,31%,22%,89%,1%,8%,44%,23%,32%,89%,1%,8%
126,http://www.ufcstats.com/fight-details/7b909acede0a26eb,http://www.ufcstats.com/event-details/a780d16cf7eed44d,L,Cody Brundag,Sedriques Dumas,Middleweight Bout,Decision - Unanimous,3,5:00,3 Rnd (5-5-5),2of6,0of1,1of3,3of10,0of0,0of0,13of17,2of3,2of2,3of6,1of1,13of15,66%,0%,33%,100%,0%,0%,76%,11%,11%,17%,5%,76%
